-- ============================================================
-- EspritConnect — Post Service Seed Data
-- FIXED: user_name included in posts + comments
-- ============================================================

-- ── POSTS ──
INSERT IGNORE INTO posts (id, contenu, user_id, user_name, created_at) VALUES
(1,  'Vient de passer ma soutenance PFE avec mention -- merci a tous pour le soutien ! Prochain objectif : trouver un CDI en data science a Tunis.', 15, 'Sami Amara', '2026-05-14 09:42:00'),
(2,  'Rappel : le TP de cryptographie est reporte au jeudi 16 mai. Groupes pairs le matin, groupes impairs apres-midi. Support disponible sur Moodle.', 2, 'Nadia Ayari', '2026-05-14 08:15:00'),
(3,  'Notre startup vient d etre selectionnee pour l incubateur Flat6Labs Tunisia. Recrutement ouvert : 2 dev React/Node.js, 1 designer UX. CV a jobs@mokhtar-labs.tn', 17, 'Mokhtar Saidi', '2026-05-13 17:30:00'),
(4,  'Quelqu un cherche a former un groupe de revision pour les examens ? Je propose un creneau le samedi matin a la bibliotheque. DM si interesse.', 7, 'Amine Ben Salem', '2026-05-13 14:22:00'),
(5,  'Nouveau papier publie : Intrusion Detection in IoT Networks using Graph Neural Networks. Lien dans les commentaires. Retours bienvenus !', 3, 'Hedi Trabelsi', '2026-05-12 11:00:00'),
(6,  'Acme Corp SA recrute ! 2 stages developpement full-stack (React + Spring Boot) pour Juillet-Decembre 2026. Lettre de motivation + CV a hr@acmecorp.tn', 22, 'RH Acme Corp', '2026-05-12 09:00:00'),
(7,  'Disponible pour du mentoring tech : architecture microservices, Docker/K8s, preparation entretiens. 3 creneaux par semaine. Etudiants ESPRIT en priorite.', 19, 'Walid Hosni', '2026-05-11 16:45:00'),
(8,  'Notre projet de fin d etudes (recommandation de jobs par NLP) a remporte le prix du jury lors de la journee PFE ! Tres fier de toute l equipe.', 8, 'Sara Khemiri', '2026-05-11 10:30:00'),
(9,  'Seance de TP Analyse numerique annulee demain. Reportee la semaine prochaine. Les devoirs rendus avant vendredi seront pris en compte.', 4, 'Leila Ben Said', '2026-05-10 20:00:00'),
(10, 'Question : vous utilisez quoi comme librairie pour les graphes en React ? Recharts, Chart.js ou Nivo ? On hesite pour notre projet d integration.', 9, 'Yassine Jbali', '2026-05-10 15:10:00'),
(11, 'Conseil a tous les 4eme annee : preparez votre profil LinkedIn AVANT la soutenance. Les recruteurs vont vous chercher le jour meme.', 21, 'Tarek Nasri', '2026-05-09 12:00:00'),
(12, 'TechVision SARL organise une journee portes ouvertes le 22 mai. Venez decouvrir nos equipes et projets tech. Inscription sur notre site.', 23, 'TechVision SARL', '2026-05-09 09:30:00'),
(13, 'On cherche 2 personnes pour notre equipe au Hackathon IA ESPRIT (7-8 juin). Profil : Python/ML ou backend Spring. DM rapidement !', 11, 'Karim Ferchichi', '2026-05-08 18:20:00'),
(14, 'Bienvenue a tous les etudiants de 1ere annee en GL ! Le premier cours de Structures de Donnees aura lieu vendredi a 10h00, Amphi C. Apportez votre laptop.', 5, 'Faouzi Mbarki', '2026-05-07 08:00:00'),
(15, 'Certifiee AWS Cloud Practitioner apres 3 mois de preparation ! Le guide est gratuit sur le site AWS. N hesitez pas a me demander des conseils.', 14, 'Amal Chebbi', '2026-05-06 21:00:00'),
(16, 'Le Career Center ouvre 40 creneaux de simulation entretien cette semaine. Les 4eme annee et alumni en recherche active sont prioritaires.', 28, 'Anis Karray', '2026-05-14 11:00:00'),
(17, 'Retour terrain: pour un premier poste backend, montrez un projet deploye, des tests et une vraie documentation API. Le code seul ne suffit plus.', 30, 'Sofiene Lahmar', '2026-05-14 10:25:00'),
(18, 'FinTech Lab lance un challenge BI: construire un dashboard risque credit avec SQL et Power BI. Les meilleurs profils seront invites en entretien.', 38, 'Recrutement FinTech Lab', '2026-05-13 16:00:00'),
(19, 'Workshop cybersecurite vendredi: threat modeling, OWASP Top 10 et revue de code securise sur Spring Security.', 25, 'Youssef Mansour', '2026-05-13 13:30:00'),
(20, 'Besoin de volontaires pour accueillir les entreprises pendant la journee portes ouvertes. Inscription aupres du service scolarite.', 27, 'Nour Mejri', '2026-05-12 15:15:00'),
(21, 'Je partage mon template CV junior: une page, projets mesurables, liens GitHub propres et mots-cles adaptes a l offre.', 31, 'Rim Missaoui', '2026-05-12 12:45:00'),
(22, 'Notre equipe cherche encore un profil QA automation pour le PFE. Playwright ou Cypress apprecie, curiosite obligatoire.', 37, 'Talent NovaSoft', '2026-05-11 09:20:00'),
(23, 'Data storytelling: un dashboard utile commence par 3 questions metier, pas par le choix des couleurs.', 26, 'Salma Gharbi', '2026-05-10 17:10:00');

-- ── COMMENTS ──
INSERT IGNORE INTO comments (id, post_id, user_id, user_name, texte, created_at) VALUES
(1,  1,  7, 'Amine Ben Salem',   'Felicitations Sami ! Tu merites vraiment cette mention. Bonne chance pour la suite !', '2026-05-14 09:55:00'),
(2,  1,  8, 'Sara Khemiri',      'Bravo ! La data science a Tunis ca bouge beaucoup, tu vas trouver vite.', '2026-05-14 10:02:00'),
(3,  1,  2, 'Nadia Ayari',       'Excellent travail tout au long de l annee. Tu as ete un etudiant serieux et rigoureux.', '2026-05-14 10:15:00'),
(4,  1, 19, 'Walid Hosni',       'Felicitations ! Si tu cherches dans la data, envoie moi ton CV, j ai des contacts.', '2026-05-14 10:30:00'),
(5,  3,  7, 'Amine Ben Salem',   'Super nouvelle ! Vous cherchez des alternants ou seulement des temps-pleins ?', '2026-05-13 18:00:00'),
(6,  3, 11, 'Karim Ferchichi',   'Impressionnant ! C est quoi votre domaine exactement ?', '2026-05-13 18:30:00'),
(7,  4,  8, 'Sara Khemiri',      'Je suis partante pour le samedi matin ! On se retrouve a quelle heure a la biblio ?', '2026-05-13 14:45:00'),
(8,  4, 12, 'Rania Hamdi',       'Je rejoins aussi si la place est dispo.', '2026-05-13 15:00:00'),
(9,  5,  7, 'Amine Ben Salem',   'Super interessant ! Vous avez teste sur quel dataset IoT ?', '2026-05-12 11:30:00'),
(10, 5,  3, 'Hedi Trabelsi',     'Merci ! On a utilise UNSW-NB15 et un dataset maison. arxiv.org/abs/2026.00042', '2026-05-12 11:45:00'),
(11, 8, 15, 'Sami Amara',        'Bravo Sara et toute l equipe ! C etait vraiment un super projet.', '2026-05-11 11:00:00'),
(12, 8,  2, 'Nadia Ayari',       'Projet tres bien ficele. Le jury a beaucoup apprecie la demo en temps reel.', '2026-05-11 11:30:00'),
(13,10, 11, 'Karim Ferchichi',   'Nivo c est le mieux pour les graphes complexes, Recharts suffit pour des dashboards simples.', '2026-05-10 15:30:00'),
(14,10, 20, 'Maryem Brik',       'D experience pro : Chart.js pour la perf, Recharts pour la facilite avec React.', '2026-05-10 16:00:00'),
(15,13,  8, 'Sara Khemiri',      'Je cherche aussi une equipe, je maitrise Python/scikit-learn.', '2026-05-08 18:45:00'),
(16,13, 14, 'Amal Chebbi',       'Je peux rejoindre, je fais du Spring Boot depuis 2 ans.', '2026-05-08 19:00:00'),
(17,15, 10, 'Ines Bouaziz',      'Super ! Merci pour le partage. Tu as passe la certification en quelle langue ?', '2026-05-06 21:30:00'),
(18,15, 12, 'Rania Hamdi',       'Je vise cette certif pour l ete, je t envoie un DM !', '2026-05-06 22:00:00'),
(19,16, 33, 'Nesrine Baccouche', 'Je veux reserver un creneau pour un entretien backend.', '2026-05-14 11:20:00'),
(20,16, 30, 'Sofiene Lahmar',    'Bonne initiative. Je peux aider sur deux simulations alumni.', '2026-05-14 11:35:00'),
(21,17, 34, 'Fares Dridi',       'Merci pour le conseil, je vais ajouter une collection Postman a mon projet.', '2026-05-14 10:40:00'),
(22,18, 35, 'Mouna Zribi',       'Est-ce que les etudiants de 2eme annee peuvent participer ?', '2026-05-13 16:25:00'),
(23,19,  7, 'Amine Ben Salem',   'Je serai present. Est-ce qu il faut installer Burp avant ?', '2026-05-13 14:00:00'),
(24,20, 29, 'Maha Bouzid',       'Je transmets aussi aux partenaires entreprises.', '2026-05-12 15:40:00'),
(25,21,  8, 'Sara Khemiri',      'Tres utile, merci Rim.', '2026-05-12 13:10:00'),
(26,22, 36, 'Aymen Mami',        'Je peux candidater meme sans experience Cypress avancee ?', '2026-05-11 09:45:00'),
(27,23, 12, 'Rania Hamdi',       'Phrase a retenir pour notre projet BI.', '2026-05-10 17:30:00');

-- ── LIKES ──
INSERT IGNORE INTO likes (id, post_id, user_id) VALUES
(1,  1,  7), (2,  1,  8), (3,  1,  9), (4,  1, 10), (5,  1, 11),
(6,  1, 12), (7,  1, 14), (8,  1, 16), (9,  1, 17), (10, 1, 19),
(11, 1, 20), (12, 1, 21), (13, 1,  2),
(14, 2,  7), (15, 2, 10), (16, 2, 12), (17, 2, 16),
(18, 3,  7), (19, 3,  8), (20, 3, 11), (21, 3, 14), (22, 3, 15),
(23, 3, 20), (24, 3, 21), (25, 3, 10), (26, 3,  9), (27, 3, 19),
(28, 4,  8), (29, 4,  9), (30, 4, 12), (31, 4, 13),
(32, 5,  7), (33, 5,  9), (34, 5, 11), (35, 5, 17), (36, 5, 19),
(37, 6, 15), (38, 6,  9), (39, 6, 10), (40, 6, 12),
(41, 7, 10), (42, 7, 13), (43, 7, 16),
(44, 8, 15), (45, 8,  7), (46, 8,  9), (47, 8, 11), (48, 8,  2),
(49, 9,  7), (50, 9, 10),
(51,10,  7), (52,10, 11), (53,10, 14), (54,10, 16), (55,10, 20),
(56,11,  7), (57,11,  8), (58,11,  9), (59,11, 10), (60,11, 13), (61,11, 14),
(62,12, 11), (63,12, 14), (64,12, 15),
(65,13,  8), (66,13, 14), (67,13, 12),
(68,14, 13), (69,14, 16),
(70,15,  9), (71,15, 10), (72,15, 11), (73,15, 12), (74,15, 16),
(75,16,  7), (76,16,  8), (77,16, 33), (78,16, 34), (79,16, 30),
(80,17,  7), (81,17, 11), (82,17, 14), (83,17, 33), (84,17, 35),
(85,18,  8), (86,18, 12), (87,18, 20), (88,18, 32), (89,18, 35),
(90,19,  7), (91,19,  9), (92,19, 30), (93,19, 33), (94,19, 34),
(95,20, 13), (96,20, 16), (97,20, 27), (98,20, 28), (99,20, 29),
(100,21, 8),(101,21,10),(102,21,15),(103,21,33),(104,21,36),
(105,22,14),(106,22,34),(107,22,36),(108,22,31),
(109,23,12),(110,23,18),(111,23,20),(112,23,32);
